Transcript,Summary,Sentiment
"Hi, I'm having trouble accessing my online account. I've been trying to log in for the past hour but it keeps saying my account is locked. I haven't done anything different, just tried to check my balance like I always do. Could you help me understand what happened and unlock my account? I need to make a payment today.
","The customer is having trouble accessing their online account due to it being locked, and they need assistance unlocking it to make a payment today. The customer service representative will investigate the issue and take necessary actions to unlock the account. The outcome will be the customer regaining access to their account to complete their payment.",Frustrated
"I'm calling about this ridiculous charge on my bill. You charged me $89 for international calls but I haven't made any international calls this month. This is the third time this has happened and I'm getting really tired of having to call and dispute these charges. I want this removed immediately and I want to know why this keeps happening.
","The customer is disputing an $89 charge for international calls on their bill, claiming they haven't made any international calls this month. This is the third time they've experienced this issue and are requesting immediate removal of the charge. The customer is seeking a resolution and an explanation for the recurring error.",Frustrated
"I just received my new laptop and I wanted to call to say thank you. The delivery was faster than expected, the packaging was excellent, and the product is exactly what I needed. Your customer service team was also very helpful when I had questions before ordering. I'll definitely be recommending your company to my colleagues.
","The customer called to express satisfaction with their new laptop, citing fast delivery, excellent packaging, and helpful customer service. The customer's expectations were exceeded, and they received the product they needed. The customer will recommend the company to their colleagues.",Grateful
"My internet has been cutting out every few minutes for the past two days. I work from home and have important video calls today. I've tried restarting the router like the website suggested but it's still not stable. I'm really concerned this will affect my work presentations. Can you help me fix this urgently?
","The customer is experiencing frequent internet outages, which is impacting their work-from-home setup and upcoming video calls. They have tried restarting the router but the issue persists. The customer requires urgent assistance to resolve the issue and stabilize their internet connection.",Anxious
"I ordered a dress for my daughter's wedding next week but when it arrived, the color is completely different from what was shown online. The website showed navy blue but this looks more like purple. The wedding is in five days and I don't have time to find another dress. I need to return this and get a refund as quickly as possible.
","The customer received a dress with a different color than expected, needing a refund and return as soon as possible due to a time-sensitive event, and the customer service representative will assist with the return and refund process to resolve the issue promptly.",Frustrated
